Date,Source,Site ID,POC,Coconcentration,UNITS,DAILY_AQI_VALUE,Site Name,DAILY_OBS_COUNT,PERCENT_COMPLETE,AQS_PARAMETER_CODE,AQS_PARAMETER_DESC,CBSA_CODE,CBSA_NAME,STATE_CODE,STATE,COUNTY_CODE,COUNTY,SITE_LATITUDE,SITE_LONGITUDE
01-01-2023,AQS,360610135,1,0.3,ppm,3,CCNY,19,79,42101,Carbon monoxide,35620,"New York-Newark-Jersey City, NY-NJ-PA",36,New York,61,New York,40.81976,-73.94825
01-02-2023,AQS,360610135,1,0.4,ppm,5,CCNY,24,100,42101,Carbon monoxide,35620,"New York-Newark-Jersey City, NY-NJ-PA",36,New York,61,New York,40.81976,-73.94825
01-03-2023,AQS,360610135,1,0.8,ppm,9,CCNY,24,100,42101,Carbon monoxide,35620,"New York-Newark-Jersey City, NY-NJ-PA",36,New York,61,New York,40.81976,-73.94825
01-04-2023,AQS,360610135,1,0.9,ppm,10,CCNY,24,100,42101,Carbon monoxide,35620,"New York-Newark-Jersey City, NY-NJ-PA",36,New York,61,New York,40.81976,-73.94825
01-05-2023,AQS,360610135,1,0.4,ppm,5,CCNY,17,71,42101,Carbon monoxide,35620,"New York-Newark-Jersey City, NY-NJ-PA",36,New York,61,New York,40.81976,-73.94825
01-06-2023,AQS,360610135,1,0.5,ppm,6,CCNY,24,100,42101,Carbon monoxide,35620,"New York-Newark-Jersey City, NY-NJ-PA",36,New York,61,New York,40.81976,-73.94825
01-07-2023,AQS,360610135,1,0.5,ppm,6,CCNY,24,100,42101,Carbon monoxide,35620,"New York-Newark-Jersey City, NY-NJ-PA",36,New York,61,New York,40.81976,-73.94825
01-08-2023,AQS,360610135,1,0.3,ppm,3,CCNY,24,100,42101,Carbon monoxide,35620,"New York-Newark-Jersey City, NY-NJ-PA",36,New York,61,New York,40.81976,-73.94825
01-09-2023,AQS,360610135,1,0.4,ppm,5,CCNY,24,100,42101,Carbon monoxide,35620,"New York-Newark-Jersey City, NY-NJ-PA",36,New York,61,New York,40.81976,-73.94825
01-10-2023,AQS,360610135,1,0.4,ppm,5,CCNY,24,100,42101,Carbon monoxide,35620,"New York-Newark-Jersey City, NY-NJ-PA",36,New York,61,New York,40.81976,-73.94825
01-11-2023,AQS,360610135,1,0.3,ppm,3,CCNY,24,100,42101,Carbon monoxide,35620,"New York-Newark-Jersey City, NY-NJ-PA",36,New York,61,New York,40.81976,-73.94825
01-12-2023,AQS,360610135,1,0.5,ppm,6,CCNY,18,75,42101,Carbon monoxide,35620,"New York-Newark-Jersey City, NY-NJ-PA",36,New York,61,New York,40.81976,-73.94825
01/13/2023,AQS,360610135,1,0.4,ppm,5,CCNY,24,100,42101,Carbon monoxide,35620,"New York-Newark-Jersey City, NY-NJ-PA",36,New York,61,New York,40.81976,-73.94825
01/14/2023,AQS,360610135,1,0.2,ppm,2,CCNY,24,100,42101,Carbon monoxide,35620,"New York-Newark-Jersey City, NY-NJ-PA",36,New York,61,New York,40.81976,-73.94825
01/15/2023,AQS,360610135,1,0.2,ppm,2,CCNY,24,100,42101,Carbon monoxide,35620,"New York-Newark-Jersey City, NY-NJ-PA",36,New York,61,New York,40.81976,-73.94825
01/16/2023,AQS,360610135,1,0.3,ppm,3,CCNY,24,100,42101,Carbon monoxide,35620,"New York-Newark-Jersey City, NY-NJ-PA",36,New York,61,New York,40.81976,-73.94825
01/17/2023,AQS,360610135,1,0.5,ppm,6,CCNY,24,100,42101,Carbon monoxide,35620,"New York-Newark-Jersey City, NY-NJ-PA",36,New York,61,New York,40.81976,-73.94825
01/18/2023,AQS,360610135,1,0.5,ppm,6,CCNY,24,100,42101,Carbon monoxide,35620,"New York-Newark-Jersey City, NY-NJ-PA",36,New York,61,New York,40.81976,-73.94825
01/19/2023,AQS,360610135,1,0.5,ppm,6,CCNY,24,100,42101,Carbon monoxide,35620,"New York-Newark-Jersey City, NY-NJ-PA",36,New York,61,New York,40.81976,-73.94825
01/20/2023,AQS,360610135,1,0.4,ppm,5,CCNY,24,100,42101,Carbon monoxide,35620,"New York-Newark-Jersey City, NY-NJ-PA",36,New York,61,New York,40.81976,-73.94825
01/21/2023,AQS,360610135,1,0.3,ppm,3,CCNY,24,100,42101,Carbon monoxide,35620,"New York-Newark-Jersey City, NY-NJ-PA",36,New York,61,New York,40.81976,-73.94825
01/22/2023,AQS,360610135,1,0.3,ppm,3,CCNY,24,100,42101,Carbon monoxide,35620,"New York-Newark-Jersey City, NY-NJ-PA",36,New York,61,New York,40.81976,-73.94825
01/23/2023,AQS,360610135,1,0.4,ppm,5,CCNY,24,100,42101,Carbon monoxide,35620,"New York-Newark-Jersey City, NY-NJ-PA",36,New York,61,New York,40.81976,-73.94825
01/24/2023,AQS,360610135,1,0.2,ppm,2,CCNY,24,100,42101,Carbon monoxide,35620,"New York-Newark-Jersey City, NY-NJ-PA",36,New York,61,New York,40.81976,-73.94825
01/25/2023,AQS,360610135,1,0.4,ppm,5,CCNY,24,100,42101,Carbon monoxide,35620,"New York-Newark-Jersey City, NY-NJ-PA",36,New York,61,New York,40.81976,-73.94825
01/26/2023,AQS,360610135,1,0.3,ppm,3,CCNY,24,100,42101,Carbon monoxide,35620,"New York-Newark-Jersey City, NY-NJ-PA",36,New York,61,New York,40.81976,-73.94825
01/27/2023,AQS,360610135,1,0.4,ppm,5,CCNY,24,100,42101,Carbon monoxide,35620,"New York-Newark-Jersey City, NY-NJ-PA",36,New York,61,New York,40.81976,-73.94825
01/28/2023,AQS,360610135,1,0.4,ppm,5,CCNY,24,100,42101,Carbon monoxide,35620,"New York-Newark-Jersey City, NY-NJ-PA",36,New York,61,New York,40.81976,-73.94825
01/29/2023,AQS,360610135,1,0.5,ppm,6,CCNY,24,100,42101,Carbon monoxide,35620,"New York-Newark-Jersey City, NY-NJ-PA",36,New York,61,New York,40.81976,-73.94825
01/30/2023,AQS,360610135,1,0.5,ppm,6,CCNY,18,75,42101,Carbon monoxide,35620,"New York-Newark-Jersey City, NY-NJ-PA",36,New York,61,New York,40.81976,-73.94825
01/31/2023,AQS,360610135,1,0.5,ppm,6,CCNY,24,100,42101,Carbon monoxide,35620,"New York-Newark-Jersey City, NY-NJ-PA",36,New York,61,New York,40.81976,-73.94825
02-01-2023,AQS,360610135,1,0.3,ppm,3,CCNY,24,100,42101,Carbon monoxide,35620,"New York-Newark-Jersey City, NY-NJ-PA",36,New York,61,New York,40.81976,-73.94825
02-02-2023,AQS,360610135,1,0.4,ppm,5,CCNY,24,100,42101,Carbon monoxide,35620,"New York-Newark-Jersey City, NY-NJ-PA",36,New York,61,New York,40.81976,-73.94825
02-03-2023,AQS,360610135,1,0.3,ppm,3,CCNY,24,100,42101,Carbon monoxide,35620,"New York-Newark-Jersey City, NY-NJ-PA",36,New York,61,New York,40.81976,-73.94825
02-04-2023,AQS,360610135,1,0.4,ppm,5,CCNY,24,100,42101,Carbon monoxide,35620,"New York-Newark-Jersey City, NY-NJ-PA",36,New York,61,New York,40.81976,-73.94825
02-05-2023,AQS,360610135,1,0.7,ppm,8,CCNY,24,100,42101,Carbon monoxide,35620,"New York-Newark-Jersey City, NY-NJ-PA",36,New York,61,New York,40.81976,-73.94825
02-06-2023,AQS,360610135,1,0.8,ppm,9,CCNY,24,100,42101,Carbon monoxide,35620,"New York-Newark-Jersey City, NY-NJ-PA",36,New York,61,New York,40.81976,-73.94825
02-07-2023,AQS,360610135,1,0.4,ppm,5,CCNY,24,100,42101,Carbon monoxide,35620,"New York-Newark-Jersey City, NY-NJ-PA",36,New York,61,New York,40.81976,-73.94825
02-08-2023,AQS,360610135,1,0.4,ppm,5,CCNY,24,100,42101,Carbon monoxide,35620,"New York-Newark-Jersey City, NY-NJ-PA",36,New York,61,New York,40.81976,-73.94825
02-09-2023,AQS,360610135,1,1.2,ppm,14,CCNY,24,100,42101,Carbon monoxide,35620,"New York-Newark-Jersey City, NY-NJ-PA",36,New York,61,New York,40.81976,-73.94825
02-10-2023,AQS,360610135,1,0.4,ppm,5,CCNY,24,100,42101,Carbon monoxide,35620,"New York-Newark-Jersey City, NY-NJ-PA",36,New York,61,New York,40.81976,-73.94825
02-11-2023,AQS,360610135,1,0.3,ppm,3,CCNY,24,100,42101,Carbon monoxide,35620,"New York-Newark-Jersey City, NY-NJ-PA",36,New York,61,New York,40.81976,-73.94825
02-12-2023,AQS,360610135,1,0.5,ppm,6,CCNY,24,100,42101,Carbon monoxide,35620,"New York-Newark-Jersey City, NY-NJ-PA",36,New York,61,New York,40.81976,-73.94825
02/13/2023,AQS,360610135,1,0.4,ppm,5,CCNY,24,100,42101,Carbon monoxide,35620,"New York-Newark-Jersey City, NY-NJ-PA",36,New York,61,New York,40.81976,-73.94825
02/14/2023,AQS,360610135,1,0.5,ppm,6,CCNY,24,100,42101,Carbon monoxide,35620,"New York-Newark-Jersey City, NY-NJ-PA",36,New York,61,New York,40.81976,-73.94825
02/15/2023,AQS,360610135,1,0.6,ppm,7,CCNY,24,100,42101,Carbon monoxide,35620,"New York-Newark-Jersey City, NY-NJ-PA",36,New York,61,New York,40.81976,-73.94825
02/16/2023,AQS,360610135,1,0.6,ppm,7,CCNY,18,75,42101,Carbon monoxide,35620,"New York-Newark-Jersey City, NY-NJ-PA",36,New York,61,New York,40.81976,-73.94825
02/17/2023,AQS,360610135,1,0.4,ppm,5,CCNY,24,100,42101,Carbon monoxide,35620,"New York-Newark-Jersey City, NY-NJ-PA",36,New York,61,New York,40.81976,-73.94825
02/18/2023,AQS,360610135,1,0.3,ppm,3,CCNY,24,100,42101,Carbon monoxide,35620,"New York-Newark-Jersey City, NY-NJ-PA",36,New York,61,New York,40.81976,-73.94825
02/19/2023,AQS,360610135,1,0.4,ppm,5,CCNY,24,100,42101,Carbon monoxide,35620,"New York-Newark-Jersey City, NY-NJ-PA",36,New York,61,New York,40.81976,-73.94825
02/20/2023,AQS,360610135,1,0.3,ppm,3,CCNY,24,100,42101,Carbon monoxide,35620,"New York-Newark-Jersey City, NY-NJ-PA",36,New York,61,New York,40.81976,-73.94825
02/21/2023,AQS,360610135,1,0.4,ppm,5,CCNY,24,100,42101,Carbon monoxide,35620,"New York-Newark-Jersey City, NY-NJ-PA",36,New York,61,New York,40.81976,-73.94825
02/22/2023,AQS,360610135,1,0.3,ppm,3,CCNY,24,100,42101,Carbon monoxide,35620,"New York-Newark-Jersey City, NY-NJ-PA",36,New York,61,New York,40.81976,-73.94825
02/23/2023,AQS,360610135,1,0.4,ppm,5,CCNY,17,71,42101,Carbon monoxide,35620,"New York-Newark-Jersey City, NY-NJ-PA",36,New York,61,New York,40.81976,-73.94825
02/24/2023,AQS,360610135,1,0.3,ppm,3,CCNY,24,100,42101,Carbon monoxide,35620,"New York-Newark-Jersey City, NY-NJ-PA",36,New York,61,New York,40.81976,-73.94825
02/25/2023,AQS,360610135,1,0.3,ppm,3,CCNY,24,100,42101,Carbon monoxide,35620,"New York-Newark-Jersey City, NY-NJ-PA",36,New York,61,New York,40.81976,-73.94825
02/26/2023,AQS,360610135,1,0.4,ppm,5,CCNY,24,100,42101,Carbon monoxide,35620,"New York-Newark-Jersey City, NY-NJ-PA",36,New York,61,New York,40.81976,-73.94825
02/27/2023,AQS,360610135,1,0.4,ppm,5,CCNY,24,100,42101,Carbon monoxide,35620,"New York-Newark-Jersey City, NY-NJ-PA",36,New York,61,New York,40.81976,-73.94825
02/28/2023,AQS,360610135,1,0.5,ppm,6,CCNY,24,100,42101,Carbon monoxide,35620,"New York-Newark-Jersey City, NY-NJ-PA",36,New York,61,New York,40.81976,-73.94825
03-01-2023,AQS,360610135,1,0.5,ppm,6,CCNY,24,100,42101,Carbon monoxide,35620,"New York-Newark-Jersey City, NY-NJ-PA",36,New York,61,New York,40.81976,-73.94825
03-02-2023,AQS,360610135,1,0.5,ppm,6,CCNY,24,100,42101,Carbon monoxide,35620,"New York-Newark-Jersey City, NY-NJ-PA",36,New York,61,New York,40.81976,-73.94825
03-03-2023,AQS,360610135,1,0.3,ppm,3,CCNY,18,75,42101,Carbon monoxide,35620,"New York-Newark-Jersey City, NY-NJ-PA",36,New York,61,New York,40.81976,-73.94825
03-04-2023,AQS,360610135,1,0.3,ppm,3,CCNY,24,100,42101,Carbon monoxide,35620,"New York-Newark-Jersey City, NY-NJ-PA",36,New York,61,New York,40.81976,-73.94825
03-05-2023,AQS,360610135,1,0.3,ppm,3,CCNY,24,100,42101,Carbon monoxide,35620,"New York-Newark-Jersey City, NY-NJ-PA",36,New York,61,New York,40.81976,-73.94825
03-06-2023,AQS,360610135,1,0.2,ppm,2,CCNY,24,100,42101,Carbon monoxide,35620,"New York-Newark-Jersey City, NY-NJ-PA",36,New York,61,New York,40.81976,-73.94825
03-07-2023,AQS,360610135,1,0.2,ppm,2,CCNY,18,75,42101,Carbon monoxide,35620,"New York-Newark-Jersey City, NY-NJ-PA",36,New York,61,New York,40.81976,-73.94825
03-08-2023,AQS,360610135,1,0.2,ppm,2,CCNY,24,100,42101,Carbon monoxide,35620,"New York-Newark-Jersey City, NY-NJ-PA",36,New York,61,New York,40.81976,-73.94825
03-09-2023,AQS,360610135,1,0.2,ppm,2,CCNY,24,100,42101,Carbon monoxide,35620,"New York-Newark-Jersey City, NY-NJ-PA",36,New York,61,New York,40.81976,-73.94825
03-10-2023,AQS,360610135,1,0.4,ppm,5,CCNY,24,100,42101,Carbon monoxide,35620,"New York-Newark-Jersey City, NY-NJ-PA",36,New York,61,New York,40.81976,-73.94825
03-11-2023,AQS,360610135,1,0.3,ppm,3,CCNY,24,100,42101,Carbon monoxide,35620,"New York-Newark-Jersey City, NY-NJ-PA",36,New York,61,New York,40.81976,-73.94825
03-12-2023,AQS,360610135,1,0.3,ppm,3,CCNY,24,100,42101,Carbon monoxide,35620,"New York-Newark-Jersey City, NY-NJ-PA",36,New York,61,New York,40.81976,-73.94825
03/13/2023,AQS,360610135,1,0.3,ppm,3,CCNY,24,100,42101,Carbon monoxide,35620,"New York-Newark-Jersey City, NY-NJ-PA",36,New York,61,New York,40.81976,-73.94825
03/14/2023,AQS,360610135,1,0.3,ppm,3,CCNY,24,100,42101,Carbon monoxide,35620,"New York-Newark-Jersey City, NY-NJ-PA",36,New York,61,New York,40.81976,-73.94825
03/15/2023,AQS,360610135,1,0.2,ppm,2,CCNY,24,100,42101,Carbon monoxide,35620,"New York-Newark-Jersey City, NY-NJ-PA",36,New York,61,New York,40.81976,-73.94825
03/16/2023,AQS,360610135,1,0.4,ppm,5,CCNY,24,100,42101,Carbon monoxide,35620,"New York-Newark-Jersey City, NY-NJ-PA",36,New York,61,New York,40.81976,-73.94825
03/17/2023,AQS,360610135,1,0.4,ppm,5,CCNY,18,75,42101,Carbon monoxide,35620,"New York-Newark-Jersey City, NY-NJ-PA",36,New York,61,New York,40.81976,-73.94825
03/18/2023,AQS,360610135,1,0.4,ppm,5,CCNY,24,100,42101,Carbon monoxide,35620,"New York-Newark-Jersey City, NY-NJ-PA",36,New York,61,New York,40.81976,-73.94825
03/19/2023,AQS,360610135,1,0.4,ppm,5,CCNY,24,100,42101,Carbon monoxide,35620,"New York-Newark-Jersey City, NY-NJ-PA",36,New York,61,New York,40.81976,-73.94825
03/20/2023,AQS,360610135,1,0.3,ppm,3,CCNY,24,100,42101,Carbon monoxide,35620,"New York-Newark-Jersey City, NY-NJ-PA",36,New York,61,New York,40.81976,-73.94825
03/21/2023,AQS,360610135,1,0.4,ppm,5,CCNY,24,100,42101,Carbon monoxide,35620,"New York-Newark-Jersey City, NY-NJ-PA",36,New York,61,New York,40.81976,-73.94825
03/22/2023,AQS,360610135,1,0.3,ppm,3,CCNY,18,75,42101,Carbon monoxide,35620,"New York-Newark-Jersey City, NY-NJ-PA",36,New York,61,New York,40.81976,-73.94825
03/23/2023,AQS,360610135,1,0.5,ppm,6,CCNY,24,100,42101,Carbon monoxide,35620,"New York-Newark-Jersey City, NY-NJ-PA",36,New York,61,New York,40.81976,-73.94825
03/24/2023,AQS,360610135,1,0.3,ppm,3,CCNY,24,100,42101,Carbon monoxide,35620,"New York-Newark-Jersey City, NY-NJ-PA",36,New York,61,New York,40.81976,-73.94825
03/25/2023,AQS,360610135,1,0.3,ppm,3,CCNY,24,100,42101,Carbon monoxide,35620,"New York-Newark-Jersey City, NY-NJ-PA",36,New York,61,New York,40.81976,-73.94825
03/26/2023,AQS,360610135,1,0.4,ppm,5,CCNY,24,100,42101,Carbon monoxide,35620,"New York-Newark-Jersey City, NY-NJ-PA",36,New York,61,New York,40.81976,-73.94825
03/27/2023,AQS,360610135,1,0.5,ppm,6,CCNY,24,100,42101,Carbon monoxide,35620,"New York-Newark-Jersey City, NY-NJ-PA",36,New York,61,New York,40.81976,-73.94825
03/28/2023,AQS,360610135,1,0.3,ppm,3,CCNY,18,75,42101,Carbon monoxide,35620,"New York-Newark-Jersey City, NY-NJ-PA",36,New York,61,New York,40.81976,-73.94825
03/29/2023,AQS,360610135,1,0.3,ppm,3,CCNY,24,100,42101,Carbon monoxide,35620,"New York-Newark-Jersey City, NY-NJ-PA",36,New York,61,New York,40.81976,-73.94825
03/30/2023,AQS,360610135,1,0.3,ppm,3,CCNY,24,100,42101,Carbon monoxide,35620,"New York-Newark-Jersey City, NY-NJ-PA",36,New York,61,New York,40.81976,-73.94825
03/31/2023,AQS,360610135,1,0.4,ppm,5,CCNY,24,100,42101,Carbon monoxide,35620,"New York-Newark-Jersey City, NY-NJ-PA",36,New York,61,New York,40.81976,-73.94825
04-01-2023,AQS,360610135,1,0.4,ppm,5,CCNY,24,100,42101,Carbon monoxide,35620,"New York-Newark-Jersey City, NY-NJ-PA",36,New York,61,New York,40.81976,-73.94825
04-02-2023,AQS,360610135,1,0.2,ppm,2,CCNY,24,100,42101,Carbon monoxide,35620,"New York-Newark-Jersey City, NY-NJ-PA",36,New York,61,New York,40.81976,-73.94825
04-03-2023,AQS,360610135,1,0.3,ppm,3,CCNY,24,100,42101,Carbon monoxide,35620,"New York-Newark-Jersey City, NY-NJ-PA",36,New York,61,New York,40.81976,-73.94825
04-04-2023,AQS,360610135,1,0.6,ppm,7,CCNY,24,100,42101,Carbon monoxide,35620,"New York-Newark-Jersey City, NY-NJ-PA",36,New York,61,New York,40.81976,-73.94825
04-05-2023,AQS,360610135,1,0.4,ppm,5,CCNY,24,100,42101,Carbon monoxide,35620,"New York-Newark-Jersey City, NY-NJ-PA",36,New York,61,New York,40.81976,-73.94825
04-06-2023,AQS,360610135,1,0.5,ppm,6,CCNY,18,75,42101,Carbon monoxide,35620,"New York-Newark-Jersey City, NY-NJ-PA",36,New York,61,New York,40.81976,-73.94825
04-07-2023,AQS,360610135,1,0.2,ppm,2,CCNY,24,100,42101,Carbon monoxide,35620,"New York-Newark-Jersey City, NY-NJ-PA",36,New York,61,New York,40.81976,-73.94825
04-08-2023,AQS,360610135,1,0.3,ppm,3,CCNY,24,100,42101,Carbon monoxide,35620,"New York-Newark-Jersey City, NY-NJ-PA",36,New York,61,New York,40.81976,-73.94825
04-09-2023,AQS,360610135,1,0.4,ppm,5,CCNY,24,100,42101,Carbon monoxide,35620,"New York-Newark-Jersey City, NY-NJ-PA",36,New York,61,New York,40.81976,-73.94825
04-10-2023,AQS,360610135,1,0.4,ppm,5,CCNY,24,100,42101,Carbon monoxide,35620,"New York-Newark-Jersey City, NY-NJ-PA",36,New York,61,New York,40.81976,-73.94825
04-11-2023,AQS,360610135,1,0.4,ppm,5,CCNY,24,100,42101,Carbon monoxide,35620,"New York-Newark-Jersey City, NY-NJ-PA",36,New York,61,New York,40.81976,-73.94825
04-12-2023,AQS,360610135,1,0.3,ppm,3,CCNY,17,71,42101,Carbon monoxide,35620,"New York-Newark-Jersey City, NY-NJ-PA",36,New York,61,New York,40.81976,-73.94825
04/13/2023,AQS,360610135,1,0.4,ppm,5,CCNY,24,100,42101,Carbon monoxide,35620,"New York-Newark-Jersey City, NY-NJ-PA",36,New York,61,New York,40.81976,-73.94825
04/14/2023,AQS,360610135,1,0.5,ppm,6,CCNY,24,100,42101,Carbon monoxide,35620,"New York-Newark-Jersey City, NY-NJ-PA",36,New York,61,New York,40.81976,-73.94825
04/15/2023,AQS,360610135,1,0.3,ppm,3,CCNY,24,100,42101,Carbon monoxide,35620,"New York-Newark-Jersey City, NY-NJ-PA",36,New York,61,New York,40.81976,-73.94825
04/16/2023,AQS,360610135,1,0.3,ppm,3,CCNY,24,100,42101,Carbon monoxide,35620,"New York-Newark-Jersey City, NY-NJ-PA",36,New York,61,New York,40.81976,-73.94825
04/17/2023,AQS,360610135,1,0.3,ppm,3,CCNY,24,100,42101,Carbon monoxide,35620,"New York-Newark-Jersey City, NY-NJ-PA",36,New York,61,New York,40.81976,-73.94825
04/18/2023,AQS,360610135,1,0.2,ppm,2,CCNY,24,100,42101,Carbon monoxide,35620,"New York-Newark-Jersey City, NY-NJ-PA",36,New York,61,New York,40.81976,-73.94825
04/19/2023,AQS,360610135,1,0.3,ppm,3,CCNY,24,100,42101,Carbon monoxide,35620,"New York-Newark-Jersey City, NY-NJ-PA",36,New York,61,New York,40.81976,-73.94825
04/20/2023,AQS,360610135,1,0.3,ppm,3,CCNY,18,75,42101,Carbon monoxide,35620,"New York-Newark-Jersey City, NY-NJ-PA",36,New York,61,New York,40.81976,-73.94825
04/21/2023,AQS,360610135,1,0.3,ppm,3,CCNY,24,100,42101,Carbon monoxide,35620,"New York-Newark-Jersey City, NY-NJ-PA",36,New York,61,New York,40.81976,-73.94825
04/22/2023,AQS,360610135,1,0.3,ppm,3,CCNY,24,100,42101,Carbon monoxide,35620,"New York-Newark-Jersey City, NY-NJ-PA",36,New York,61,New York,40.81976,-73.94825
04/23/2023,AQS,360610135,1,0.3,ppm,3,CCNY,24,100,42101,Carbon monoxide,35620,"New York-Newark-Jersey City, NY-NJ-PA",36,New York,61,New York,40.81976,-73.94825
04/24/2023,AQS,360610135,1,0.3,ppm,3,CCNY,24,100,42101,Carbon monoxide,35620,"New York-Newark-Jersey City, NY-NJ-PA",36,New York,61,New York,40.81976,-73.94825
04/25/2023,AQS,360610135,1,0.2,ppm,2,CCNY,24,100,42101,Carbon monoxide,35620,"New York-Newark-Jersey City, NY-NJ-PA",36,New York,61,New York,40.81976,-73.94825
04/26/2023,AQS,360610135,1,0.3,ppm,3,CCNY,24,100,42101,Carbon monoxide,35620,"New York-Newark-Jersey City, NY-NJ-PA",36,New York,61,New York,40.81976,-73.94825
04/27/2023,AQS,360610135,1,0.3,ppm,3,CCNY,18,75,42101,Carbon monoxide,35620,"New York-Newark-Jersey City, NY-NJ-PA",36,New York,61,New York,40.81976,-73.94825
04/28/2023,AQS,360610135,1,0.3,ppm,3,CCNY,24,100,42101,Carbon monoxide,35620,"New York-Newark-Jersey City, NY-NJ-PA",36,New York,61,New York,40.81976,-73.94825
04/29/2023,AQS,360610135,1,0.2,ppm,2,CCNY,24,100,42101,Carbon monoxide,35620,"New York-Newark-Jersey City, NY-NJ-PA",36,New York,61,New York,40.81976,-73.94825
04/30/2023,AQS,360610135,1,0.4,ppm,5,CCNY,24,100,42101,Carbon monoxide,35620,"New York-Newark-Jersey City, NY-NJ-PA",36,New York,61,New York,40.81976,-73.94825
05-01-2023,AQS,360610135,1,0.4,ppm,5,CCNY,24,100,42101,Carbon monoxide,35620,"New York-Newark-Jersey City, NY-NJ-PA",36,New York,61,New York,40.81976,-73.94825
05-02-2023,AQS,360610135,1,0.4,ppm,5,CCNY,24,100,42101,Carbon monoxide,35620,"New York-Newark-Jersey City, NY-NJ-PA",36,New York,61,New York,40.81976,-73.94825
05-03-2023,AQS,360610135,1,0.3,ppm,3,CCNY,24,100,42101,Carbon monoxide,35620,"New York-Newark-Jersey City, NY-NJ-PA",36,New York,61,New York,40.81976,-73.94825
05-04-2023,AQS,360610135,1,0.4,ppm,5,CCNY,24,100,42101,Carbon monoxide,35620,"New York-Newark-Jersey City, NY-NJ-PA",36,New York,61,New York,40.81976,-73.94825
05-05-2023,AQS,360610135,1,0.4,ppm,5,CCNY,18,75,42101,Carbon monoxide,35620,"New York-Newark-Jersey City, NY-NJ-PA",36,New York,61,New York,40.81976,-73.94825
05-06-2023,AQS,360610135,1,0.4,ppm,5,CCNY,24,100,42101,Carbon monoxide,35620,"New York-Newark-Jersey City, NY-NJ-PA",36,New York,61,New York,40.81976,-73.94825
05-07-2023,AQS,360610135,1,0.3,ppm,3,CCNY,24,100,42101,Carbon monoxide,35620,"New York-Newark-Jersey City, NY-NJ-PA",36,New York,61,New York,40.81976,-73.94825
05-08-2023,AQS,360610135,1,0.2,ppm,2,CCNY,24,100,42101,Carbon monoxide,35620,"New York-Newark-Jersey City, NY-NJ-PA",36,New York,61,New York,40.81976,-73.94825
05-09-2023,AQS,360610135,1,0.2,ppm,2,CCNY,18,75,42101,Carbon monoxide,35620,"New York-Newark-Jersey City, NY-NJ-PA",36,New York,61,New York,40.81976,-73.94825
05-10-2023,AQS,360610135,1,0.3,ppm,3,CCNY,24,100,42101,Carbon monoxide,35620,"New York-Newark-Jersey City, NY-NJ-PA",36,New York,61,New York,40.81976,-73.94825
05-11-2023,AQS,360610135,1,0.3,ppm,3,CCNY,24,100,42101,Carbon monoxide,35620,"New York-Newark-Jersey City, NY-NJ-PA",36,New York,61,New York,40.81976,-73.94825
05-12-2023,AQS,360610135,1,0.3,ppm,3,CCNY,24,100,42101,Carbon monoxide,35620,"New York-Newark-Jersey City, NY-NJ-PA",36,New York,61,New York,40.81976,-73.94825
05/13/2023,AQS,360610135,1,0.3,ppm,3,CCNY,24,100,42101,Carbon monoxide,35620,"New York-Newark-Jersey City, NY-NJ-PA",36,New York,61,New York,40.81976,-73.94825
05/14/2023,AQS,360610135,1,0.2,ppm,2,CCNY,24,100,42101,Carbon monoxide,35620,"New York-Newark-Jersey City, NY-NJ-PA",36,New York,61,New York,40.81976,-73.94825
05/15/2023,AQS,360610135,1,0.1,ppm,1,CCNY,24,100,42101,Carbon monoxide,35620,"New York-Newark-Jersey City, NY-NJ-PA",36,New York,61,New York,40.81976,-73.94825
05/16/2023,AQS,360610135,1,0.2,ppm,2,CCNY,24,100,42101,Carbon monoxide,35620,"New York-Newark-Jersey City, NY-NJ-PA",36,New York,61,New York,40.81976,-73.94825
05/17/2023,AQS,360610135,1,0.2,ppm,2,CCNY,24,100,42101,Carbon monoxide,35620,"New York-Newark-Jersey City, NY-NJ-PA",36,New York,61,New York,40.81976,-73.94825
05/18/2023,AQS,360610135,1,0.2,ppm,2,CCNY,16,67,42101,Carbon monoxide,35620,"New York-Newark-Jersey City, NY-NJ-PA",36,New York,61,New York,40.81976,-73.94825
05/19/2023,AQS,360610135,1,0.2,ppm,2,CCNY,24,100,42101,Carbon monoxide,35620,"New York-Newark-Jersey City, NY-NJ-PA",36,New York,61,New York,40.81976,-73.94825
05/20/2023,AQS,360610135,1,0.4,ppm,5,CCNY,24,100,42101,Carbon monoxide,35620,"New York-Newark-Jersey City, NY-NJ-PA",36,New York,61,New York,40.81976,-73.94825
05/21/2023,AQS,360610135,1,0.4,ppm,5,CCNY,24,100,42101,Carbon monoxide,35620,"New York-Newark-Jersey City, NY-NJ-PA",36,New York,61,New York,40.81976,-73.94825
05/22/2023,AQS,360610135,1,0.4,ppm,5,CCNY,24,100,42101,Carbon monoxide,35620,"New York-Newark-Jersey City, NY-NJ-PA",36,New York,61,New York,40.81976,-73.94825
05/23/2023,AQS,360610135,1,0.2,ppm,2,CCNY,18,75,42101,Carbon monoxide,35620,"New York-Newark-Jersey City, NY-NJ-PA",36,New York,61,New York,40.81976,-73.94825
05/24/2023,AQS,360610135,1,0.4,ppm,5,CCNY,24,100,42101,Carbon monoxide,35620,"New York-Newark-Jersey City, NY-NJ-PA",36,New York,61,New York,40.81976,-73.94825
05/25/2023,AQS,360610135,1,0.2,ppm,2,CCNY,24,100,42101,Carbon monoxide,35620,"New York-Newark-Jersey City, NY-NJ-PA",36,New York,61,New York,40.81976,-73.94825
05/26/2023,AQS,360610135,1,0.2,ppm,2,CCNY,24,100,42101,Carbon monoxide,35620,"New York-Newark-Jersey City, NY-NJ-PA",36,New York,61,New York,40.81976,-73.94825
05/27/2023,AQS,360610135,1,0.2,ppm,2,CCNY,24,100,42101,Carbon monoxide,35620,"New York-Newark-Jersey City, NY-NJ-PA",36,New York,61,New York,40.81976,-73.94825
05/28/2023,AQS,360610135,1,0.3,ppm,3,CCNY,24,100,42101,Carbon monoxide,35620,"New York-Newark-Jersey City, NY-NJ-PA",36,New York,61,New York,40.81976,-73.94825
05/29/2023,AQS,360610135,1,0.4,ppm,5,CCNY,24,100,42101,Carbon monoxide,35620,"New York-Newark-Jersey City, NY-NJ-PA",36,New York,61,New York,40.81976,-73.94825
05/30/2023,AQS,360610135,1,0.3,ppm,3,CCNY,17,71,42101,Carbon monoxide,35620,"New York-Newark-Jersey City, NY-NJ-PA",36,New York,61,New York,40.81976,-73.94825
05/31/2023,AQS,360610135,1,0.3,ppm,3,CCNY,24,100,42101,Carbon monoxide,35620,"New York-Newark-Jersey City, NY-NJ-PA",36,New York,61,New York,40.81976,-73.94825
06-01-2023,AQS,360610135,1,0.4,ppm,5,CCNY,24,100,42101,Carbon monoxide,35620,"New York-Newark-Jersey City, NY-NJ-PA",36,New York,61,New York,40.81976,-73.94825
06-02-2023,AQS,360610135,1,0.5,ppm,6,CCNY,24,100,42101,Carbon monoxide,35620,"New York-Newark-Jersey City, NY-NJ-PA",36,New York,61,New York,40.81976,-73.94825
06-03-2023,AQS,360610135,1,0.5,ppm,6,CCNY,24,100,42101,Carbon monoxide,35620,"New York-Newark-Jersey City, NY-NJ-PA",36,New York,61,New York,40.81976,-73.94825
06-04-2023,AQS,360610135,1,0.2,ppm,2,CCNY,24,100,42101,Carbon monoxide,35620,"New York-Newark-Jersey City, NY-NJ-PA",36,New York,61,New York,40.81976,-73.94825
06-05-2023,AQS,360610135,1,0.2,ppm,2,CCNY,24,100,42101,Carbon monoxide,35620,"New York-Newark-Jersey City, NY-NJ-PA",36,New York,61,New York,40.81976,-73.94825
06-06-2023,AQS,360610135,1,0.6,ppm,7,CCNY,24,100,42101,Carbon monoxide,35620,"New York-Newark-Jersey City, NY-NJ-PA",36,New York,61,New York,40.81976,-73.94825
06-07-2023,AQS,360610135,1,0.9,ppm,10,CCNY,24,100,42101,Carbon monoxide,35620,"New York-Newark-Jersey City, NY-NJ-PA",36,New York,61,New York,40.81976,-73.94825
06-08-2023,AQS,360610135,1,0.8,ppm,9,CCNY,16,67,42101,Carbon monoxide,35620,"New York-Newark-Jersey City, NY-NJ-PA",36,New York,61,New York,40.81976,-73.94825
06-09-2023,AQS,360610135,1,0.5,ppm,6,CCNY,24,100,42101,Carbon monoxide,35620,"New York-Newark-Jersey City, NY-NJ-PA",36,New York,61,New York,40.81976,-73.94825
06-10-2023,AQS,360610135,1,0.3,ppm,3,CCNY,24,100,42101,Carbon monoxide,35620,"New York-Newark-Jersey City, NY-NJ-PA",36,New York,61,New York,40.81976,-73.94825
06-11-2023,AQS,360610135,1,0.5,ppm,6,CCNY,24,100,42101,Carbon monoxide,35620,"New York-Newark-Jersey City, NY-NJ-PA",36,New York,61,New York,40.81976,-73.94825
06-12-2023,AQS,360610135,1,0.3,ppm,3,CCNY,24,100,42101,Carbon monoxide,35620,"New York-Newark-Jersey City, NY-NJ-PA",36,New York,61,New York,40.81976,-73.94825
06/13/2023,AQS,360610135,1,0.3,ppm,3,CCNY,17,71,42101,Carbon monoxide,35620,"New York-Newark-Jersey City, NY-NJ-PA",36,New York,61,New York,40.81976,-73.94825
06/14/2023,AQS,360610135,1,0.3,ppm,3,CCNY,24,100,42101,Carbon monoxide,35620,"New York-Newark-Jersey City, NY-NJ-PA",36,New York,61,New York,40.81976,-73.94825
06/15/2023,AQS,360610135,1,0.2,ppm,2,CCNY,24,100,42101,Carbon monoxide,35620,"New York-Newark-Jersey City, NY-NJ-PA",36,New York,61,New York,40.81976,-73.94825
06/16/2023,AQS,360610135,1,0.4,ppm,5,CCNY,24,100,42101,Carbon monoxide,35620,"New York-Newark-Jersey City, NY-NJ-PA",36,New York,61,New York,40.81976,-73.94825
06/17/2023,AQS,360610135,1,0.4,ppm,5,CCNY,24,100,42101,Carbon monoxide,35620,"New York-Newark-Jersey City, NY-NJ-PA",36,New York,61,New York,40.81976,-73.94825
06/18/2023,AQS,360610135,1,0.4,ppm,5,CCNY,24,100,42101,Carbon monoxide,35620,"New York-Newark-Jersey City, NY-NJ-PA",36,New York,61,New York,40.81976,-73.94825
06/19/2023,AQS,360610135,1,0.3,ppm,3,CCNY,24,100,42101,Carbon monoxide,35620,"New York-Newark-Jersey City, NY-NJ-PA",36,New York,61,New York,40.81976,-73.94825
06/20/2023,AQS,360610135,1,0.3,ppm,3,CCNY,24,100,42101,Carbon monoxide,35620,"New York-Newark-Jersey City, NY-NJ-PA",36,New York,61,New York,40.81976,-73.94825
06/21/2023,AQS,360610135,1,0.2,ppm,2,CCNY,24,100,42101,Carbon monoxide,35620,"New York-Newark-Jersey City, NY-NJ-PA",36,New York,61,New York,40.81976,-73.94825
06/22/2023,AQS,360610135,1,0.2,ppm,2,CCNY,18,75,42101,Carbon monoxide,35620,"New York-Newark-Jersey City, NY-NJ-PA",36,New York,61,New York,40.81976,-73.94825
06/23/2023,AQS,360610135,1,0.3,ppm,3,CCNY,24,100,42101,Carbon monoxide,35620,"New York-Newark-Jersey City, NY-NJ-PA",36,New York,61,New York,40.81976,-73.94825
06/24/2023,AQS,360610135,1,0.3,ppm,3,CCNY,24,100,42101,Carbon monoxide,35620,"New York-Newark-Jersey City, NY-NJ-PA",36,New York,61,New York,40.81976,-73.94825
06/25/2023,AQS,360610135,1,0.4,ppm,5,CCNY,24,100,42101,Carbon monoxide,35620,"New York-Newark-Jersey City, NY-NJ-PA",36,New York,61,New York,40.81976,-73.94825
06/26/2023,AQS,360610135,1,0.3,ppm,3,CCNY,24,100,42101,Carbon monoxide,35620,"New York-Newark-Jersey City, NY-NJ-PA",36,New York,61,New York,40.81976,-73.94825
06/27/2023,AQS,360610135,1,0.3,ppm,3,CCNY,24,100,42101,Carbon monoxide,35620,"New York-Newark-Jersey City, NY-NJ-PA",36,New York,61,New York,40.81976,-73.94825
06/28/2023,AQS,360610135,1,0.9,ppm,10,CCNY,24,100,42101,Carbon monoxide,35620,"New York-Newark-Jersey City, NY-NJ-PA",36,New York,61,New York,40.81976,-73.94825
06/29/2023,AQS,360610135,1,0.9,ppm,10,CCNY,17,71,42101,Carbon monoxide,35620,"New York-Newark-Jersey City, NY-NJ-PA",36,New York,61,New York,40.81976,-73.94825
06/30/2023,AQS,360610135,1,1,ppm,11,CCNY,24,100,42101,Carbon monoxide,35620,"New York-Newark-Jersey City, NY-NJ-PA",36,New York,61,New York,40.81976,-73.94825
07-01-2023,AQS,360610135,1,0.7,ppm,8,CCNY,24,100,42101,Carbon monoxide,35620,"New York-Newark-Jersey City, NY-NJ-PA",36,New York,61,New York,40.81976,-73.94825
07-02-2023,AQS,360610135,1,0.6,ppm,7,CCNY,24,100,42101,Carbon monoxide,35620,"New York-Newark-Jersey City, NY-NJ-PA",36,New York,61,New York,40.81976,-73.94825
07-03-2023,AQS,360610135,1,0.4,ppm,5,CCNY,24,100,42101,Carbon monoxide,35620,"New York-Newark-Jersey City, NY-NJ-PA",36,New York,61,New York,40.81976,-73.94825
07-04-2023,AQS,360610135,1,0.5,ppm,6,CCNY,24,100,42101,Carbon monoxide,35620,"New York-Newark-Jersey City, NY-NJ-PA",36,New York,61,New York,40.81976,-73.94825
07-05-2023,AQS,360610135,1,0.6,ppm,7,CCNY,18,75,42101,Carbon monoxide,35620,"New York-Newark-Jersey City, NY-NJ-PA",36,New York,61,New York,40.81976,-73.94825
07-06-2023,AQS,360610135,1,0.4,ppm,5,CCNY,24,100,42101,Carbon monoxide,35620,"New York-Newark-Jersey City, NY-NJ-PA",36,New York,61,New York,40.81976,-73.94825
07-07-2023,AQS,360610135,1,0.3,ppm,3,CCNY,24,100,42101,Carbon monoxide,35620,"New York-Newark-Jersey City, NY-NJ-PA",36,New York,61,New York,40.81976,-73.94825
07-08-2023,AQS,360610135,1,0.3,ppm,3,CCNY,24,100,42101,Carbon monoxide,35620,"New York-Newark-Jersey City, NY-NJ-PA",36,New York,61,New York,40.81976,-73.94825
07-09-2023,AQS,360610135,1,0.3,ppm,3,CCNY,24,100,42101,Carbon monoxide,35620,"New York-Newark-Jersey City, NY-NJ-PA",36,New York,61,New York,40.81976,-73.94825
07-10-2023,AQS,360610135,1,0.2,ppm,2,CCNY,24,100,42101,Carbon monoxide,35620,"New York-Newark-Jersey City, NY-NJ-PA",36,New York,61,New York,40.81976,-73.94825
07-11-2023,AQS,360610135,1,0.2,ppm,2,CCNY,24,100,42101,Carbon monoxide,35620,"New York-Newark-Jersey City, NY-NJ-PA",36,New York,61,New York,40.81976,-73.94825
07-12-2023,AQS,360610135,1,0.3,ppm,3,CCNY,24,100,42101,Carbon monoxide,35620,"New York-Newark-Jersey City, NY-NJ-PA",36,New York,61,New York,40.81976,-73.94825
07/13/2023,AQS,360610135,1,0.3,ppm,3,CCNY,24,100,42101,Carbon monoxide,35620,"New York-Newark-Jersey City, NY-NJ-PA",36,New York,61,New York,40.81976,-73.94825
07/14/2023,AQS,360610135,1,0.3,ppm,3,CCNY,18,75,42101,Carbon monoxide,35620,"New York-Newark-Jersey City, NY-NJ-PA",36,New York,61,New York,40.81976,-73.94825
07/15/2023,AQS,360610135,1,0.3,ppm,3,CCNY,24,100,42101,Carbon monoxide,35620,"New York-Newark-Jersey City, NY-NJ-PA",36,New York,61,New York,40.81976,-73.94825
07/16/2023,AQS,360610135,1,0.3,ppm,3,CCNY,24,100,42101,Carbon monoxide,35620,"New York-Newark-Jersey City, NY-NJ-PA",36,New York,61,New York,40.81976,-73.94825
07/17/2023,AQS,360610135,1,0.4,ppm,5,CCNY,24,100,42101,Carbon monoxide,35620,"New York-Newark-Jersey City, NY-NJ-PA",36,New York,61,New York,40.81976,-73.94825
07/18/2023,AQS,360610135,1,0.4,ppm,5,CCNY,24,100,42101,Carbon monoxide,35620,"New York-Newark-Jersey City, NY-NJ-PA",36,New York,61,New York,40.81976,-73.94825
07/19/2023,AQS,360610135,1,0.5,ppm,6,CCNY,24,100,42101,Carbon monoxide,35620,"New York-Newark-Jersey City, NY-NJ-PA",36,New York,61,New York,40.81976,-73.94825
07/20/2023,AQS,360610135,1,0.5,ppm,6,CCNY,17,71,42101,Carbon monoxide,35620,"New York-Newark-Jersey City, NY-NJ-PA",36,New York,61,New York,40.81976,-73.94825
07/21/2023,AQS,360610135,1,0.4,ppm,5,CCNY,24,100,42101,Carbon monoxide,35620,"New York-Newark-Jersey City, NY-NJ-PA",36,New York,61,New York,40.81976,-73.94825
07/22/2023,AQS,360610135,1,0.2,ppm,2,CCNY,24,100,42101,Carbon monoxide,35620,"New York-Newark-Jersey City, NY-NJ-PA",36,New York,61,New York,40.81976,-73.94825
07/23/2023,AQS,360610135,1,0.3,ppm,3,CCNY,24,100,42101,Carbon monoxide,35620,"New York-Newark-Jersey City, NY-NJ-PA",36,New York,61,New York,40.81976,-73.94825
07/24/2023,AQS,360610135,1,0.3,ppm,3,CCNY,24,100,42101,Carbon monoxide,35620,"New York-Newark-Jersey City, NY-NJ-PA",36,New York,61,New York,40.81976,-73.94825
07/25/2023,AQS,360610135,1,0.4,ppm,5,CCNY,16,67,42101,Carbon monoxide,35620,"New York-Newark-Jersey City, NY-NJ-PA",36,New York,61,New York,40.81976,-73.94825
07/26/2023,AQS,360610135,1,0.4,ppm,5,CCNY,24,100,42101,Carbon monoxide,35620,"New York-Newark-Jersey City, NY-NJ-PA",36,New York,61,New York,40.81976,-73.94825
07/27/2023,AQS,360610135,1,0.4,ppm,5,CCNY,24,100,42101,Carbon monoxide,35620,"New York-Newark-Jersey City, NY-NJ-PA",36,New York,61,New York,40.81976,-73.94825
07/28/2023,AQS,360610135,1,0.3,ppm,3,CCNY,17,71,42101,Carbon monoxide,35620,"New York-Newark-Jersey City, NY-NJ-PA",36,New York,61,New York,40.81976,-73.94825
07/29/2023,AQS,360610135,1,0.3,ppm,3,CCNY,24,100,42101,Carbon monoxide,35620,"New York-Newark-Jersey City, NY-NJ-PA",36,New York,61,New York,40.81976,-73.94825
07/30/2023,AQS,360610135,1,0.2,ppm,2,CCNY,24,100,42101,Carbon monoxide,35620,"New York-Newark-Jersey City, NY-NJ-PA",36,New York,61,New York,40.81976,-73.94825
07/31/2023,AQS,360610135,1,0.2,ppm,2,CCNY,24,100,42101,Carbon monoxide,35620,"New York-Newark-Jersey City, NY-NJ-PA",36,New York,61,New York,40.81976,-73.94825
08-01-2023,AQS,360610135,1,0.2,ppm,2,CCNY,24,100,42101,Carbon monoxide,35620,"New York-Newark-Jersey City, NY-NJ-PA",36,New York,61,New York,40.81976,-73.94825
08-02-2023,AQS,360610135,1,0.3,ppm,3,CCNY,24,100,42101,Carbon monoxide,35620,"New York-Newark-Jersey City, NY-NJ-PA",36,New York,61,New York,40.81976,-73.94825
08-03-2023,AQS,360610135,1,0.3,ppm,3,CCNY,18,75,42101,Carbon monoxide,35620,"New York-Newark-Jersey City, NY-NJ-PA",36,New York,61,New York,40.81976,-73.94825
08-05-2023,AQS,360610135,1,0.4,ppm,5,CCNY,13,54,42101,Carbon monoxide,35620,"New York-Newark-Jersey City, NY-NJ-PA",36,New York,61,New York,40.81976,-73.94825
08-06-2023,AQS,360610135,1,0.4,ppm,5,CCNY,24,100,42101,Carbon monoxide,35620,"New York-Newark-Jersey City, NY-NJ-PA",36,New York,61,New York,40.81976,-73.94825
08-07-2023,AQS,360610135,1,0.4,ppm,5,CCNY,20,83,42101,Carbon monoxide,35620,"New York-Newark-Jersey City, NY-NJ-PA",36,New York,61,New York,40.81976,-73.94825
08-08-2023,AQS,360610135,1,0.2,ppm,2,CCNY,21,88,42101,Carbon monoxide,35620,"New York-Newark-Jersey City, NY-NJ-PA",36,New York,61,New York,40.81976,-73.94825
08-09-2023,AQS,360610135,1,0.3,ppm,3,CCNY,24,100,42101,Carbon monoxide,35620,"New York-Newark-Jersey City, NY-NJ-PA",36,New York,61,New York,40.81976,-73.94825
08-10-2023,AQS,360610135,1,0.5,ppm,6,CCNY,24,100,42101,Carbon monoxide,35620,"New York-Newark-Jersey City, NY-NJ-PA",36,New York,61,New York,40.81976,-73.94825
08-11-2023,AQS,360610135,1,0.3,ppm,3,CCNY,24,100,42101,Carbon monoxide,35620,"New York-Newark-Jersey City, NY-NJ-PA",36,New York,61,New York,40.81976,-73.94825
08-12-2023,AQS,360610135,1,0.4,ppm,5,CCNY,24,100,42101,Carbon monoxide,35620,"New York-Newark-Jersey City, NY-NJ-PA",36,New York,61,New York,40.81976,-73.94825
08/13/2023,AQS,360610135,1,0.3,ppm,3,CCNY,24,100,42101,Carbon monoxide,35620,"New York-Newark-Jersey City, NY-NJ-PA",36,New York,61,New York,40.81976,-73.94825
08/14/2023,AQS,360610135,1,0.3,ppm,3,CCNY,24,100,42101,Carbon monoxide,35620,"New York-Newark-Jersey City, NY-NJ-PA",36,New York,61,New York,40.81976,-73.94825
08/15/2023,AQS,360610135,1,0.3,ppm,3,CCNY,24,100,42101,Carbon monoxide,35620,"New York-Newark-Jersey City, NY-NJ-PA",36,New York,61,New York,40.81976,-73.94825
08/16/2023,AQS,360610135,1,0.3,ppm,3,CCNY,18,75,42101,Carbon monoxide,35620,"New York-Newark-Jersey City, NY-NJ-PA",36,New York,61,New York,40.81976,-73.94825
08/17/2023,AQS,360610135,1,0.3,ppm,3,CCNY,24,100,42101,Carbon monoxide,35620,"New York-Newark-Jersey City, NY-NJ-PA",36,New York,61,New York,40.81976,-73.94825
08/18/2023,AQS,360610135,1,0.3,ppm,3,CCNY,24,100,42101,Carbon monoxide,35620,"New York-Newark-Jersey City, NY-NJ-PA",36,New York,61,New York,40.81976,-73.94825
08/19/2023,AQS,360610135,1,0.3,ppm,3,CCNY,24,100,42101,Carbon monoxide,35620,"New York-Newark-Jersey City, NY-NJ-PA",36,New York,61,New York,40.81976,-73.94825
08/20/2023,AQS,360610135,1,0.3,ppm,3,CCNY,24,100,42101,Carbon monoxide,35620,"New York-Newark-Jersey City, NY-NJ-PA",36,New York,61,New York,40.81976,-73.94825
08/21/2023,AQS,360610135,1,0.4,ppm,5,CCNY,24,100,42101,Carbon monoxide,35620,"New York-Newark-Jersey City, NY-NJ-PA",36,New York,61,New York,40.81976,-73.94825
08/22/2023,AQS,360610135,1,0.3,ppm,3,CCNY,18,75,42101,Carbon monoxide,35620,"New York-Newark-Jersey City, NY-NJ-PA",36,New York,61,New York,40.81976,-73.94825
08/23/2023,AQS,360610135,1,0.3,ppm,3,CCNY,24,100,42101,Carbon monoxide,35620,"New York-Newark-Jersey City, NY-NJ-PA",36,New York,61,New York,40.81976,-73.94825
08/24/2023,AQS,360610135,1,0.3,ppm,3,CCNY,24,100,42101,Carbon monoxide,35620,"New York-Newark-Jersey City, NY-NJ-PA",36,New York,61,New York,40.81976,-73.94825
08/25/2023,AQS,360610135,1,0.5,ppm,6,CCNY,24,100,42101,Carbon monoxide,35620,"New York-Newark-Jersey City, NY-NJ-PA",36,New York,61,New York,40.81976,-73.94825
08/26/2023,AQS,360610135,1,0.5,ppm,6,CCNY,24,100,42101,Carbon monoxide,35620,"New York-Newark-Jersey City, NY-NJ-PA",36,New York,61,New York,40.81976,-73.94825
08/27/2023,AQS,360610135,1,0.4,ppm,5,CCNY,24,100,42101,Carbon monoxide,35620,"New York-Newark-Jersey City, NY-NJ-PA",36,New York,61,New York,40.81976,-73.94825
08/28/2023,AQS,360610135,1,0.3,ppm,3,CCNY,24,100,42101,Carbon monoxide,35620,"New York-Newark-Jersey City, NY-NJ-PA",36,New York,61,New York,40.81976,-73.94825
08/29/2023,AQS,360610135,1,0.3,ppm,3,CCNY,24,100,42101,Carbon monoxide,35620,"New York-Newark-Jersey City, NY-NJ-PA",36,New York,61,New York,40.81976,-73.94825
08/30/2023,AQS,360610135,1,0.3,ppm,3,CCNY,24,100,42101,Carbon monoxide,35620,"New York-Newark-Jersey City, NY-NJ-PA",36,New York,61,New York,40.81976,-73.94825
08/31/2023,AQS,360610135,1,0.2,ppm,2,CCNY,24,100,42101,Carbon monoxide,35620,"New York-Newark-Jersey City, NY-NJ-PA",36,New York,61,New York,40.81976,-73.94825
09-01-2023,AQS,360610135,1,0.2,ppm,2,CCNY,24,100,42101,Carbon monoxide,35620,"New York-Newark-Jersey City, NY-NJ-PA",36,New York,61,New York,40.81976,-73.94825
09-02-2023,AQS,360610135,1,0.3,ppm,3,CCNY,24,100,42101,Carbon monoxide,35620,"New York-Newark-Jersey City, NY-NJ-PA",36,New York,61,New York,40.81976,-73.94825
09-03-2023,AQS,360610135,1,0.3,ppm,3,CCNY,24,100,42101,Carbon monoxide,35620,"New York-Newark-Jersey City, NY-NJ-PA",36,New York,61,New York,40.81976,-73.94825
09-04-2023,AQS,360610135,1,0.5,ppm,6,CCNY,24,100,42101,Carbon monoxide,35620,"New York-Newark-Jersey City, NY-NJ-PA",36,New York,61,New York,40.81976,-73.94825
09-05-2023,AQS,360610135,1,0.5,ppm,6,CCNY,21,88,42101,Carbon monoxide,35620,"New York-Newark-Jersey City, NY-NJ-PA",36,New York,61,New York,40.81976,-73.94825
09-06-2023,AQS,360610135,1,0.4,ppm,5,CCNY,21,88,42101,Carbon monoxide,35620,"New York-Newark-Jersey City, NY-NJ-PA",36,New York,61,New York,40.81976,-73.94825
09-07-2023,AQS,360610135,1,0.4,ppm,5,CCNY,24,100,42101,Carbon monoxide,35620,"New York-Newark-Jersey City, NY-NJ-PA",36,New York,61,New York,40.81976,-73.94825
09-08-2023,AQS,360610135,1,0.5,ppm,6,CCNY,24,100,42101,Carbon monoxide,35620,"New York-Newark-Jersey City, NY-NJ-PA",36,New York,61,New York,40.81976,-73.94825
09-09-2023,AQS,360610135,1,0.5,ppm,6,CCNY,24,100,42101,Carbon monoxide,35620,"New York-Newark-Jersey City, NY-NJ-PA",36,New York,61,New York,40.81976,-73.94825
09-10-2023,AQS,360610135,1,0.4,ppm,5,CCNY,24,100,42101,Carbon monoxide,35620,"New York-Newark-Jersey City, NY-NJ-PA",36,New York,61,New York,40.81976,-73.94825
09-11-2023,AQS,360610135,1,0.3,ppm,3,CCNY,24,100,42101,Carbon monoxide,35620,"New York-Newark-Jersey City, NY-NJ-PA",36,New York,61,New York,40.81976,-73.94825
09-12-2023,AQS,360610135,1,0.3,ppm,3,CCNY,24,100,42101,Carbon monoxide,35620,"New York-Newark-Jersey City, NY-NJ-PA",36,New York,61,New York,40.81976,-73.94825
09/13/2023,AQS,360610135,1,0.3,ppm,3,CCNY,24,100,42101,Carbon monoxide,35620,"New York-Newark-Jersey City, NY-NJ-PA",36,New York,61,New York,40.81976,-73.94825
09/14/2023,AQS,360610135,1,0.3,ppm,3,CCNY,24,100,42101,Carbon monoxide,35620,"New York-Newark-Jersey City, NY-NJ-PA",36,New York,61,New York,40.81976,-73.94825
09/15/2023,AQS,360610135,1,0.2,ppm,2,CCNY,24,100,42101,Carbon monoxide,35620,"New York-Newark-Jersey City, NY-NJ-PA",36,New York,61,New York,40.81976,-73.94825
09/16/2023,AQS,360610135,1,0.2,ppm,2,CCNY,24,100,42101,Carbon monoxide,35620,"New York-Newark-Jersey City, NY-NJ-PA",36,New York,61,New York,40.81976,-73.94825
09/17/2023,AQS,360610135,1,0.4,ppm,5,CCNY,24,100,42101,Carbon monoxide,35620,"New York-Newark-Jersey City, NY-NJ-PA",36,New York,61,New York,40.81976,-73.94825
09/18/2023,AQS,360610135,1,0.4,ppm,5,CCNY,24,100,42101,Carbon monoxide,35620,"New York-Newark-Jersey City, NY-NJ-PA",36,New York,61,New York,40.81976,-73.94825
09/19/2023,AQS,360610135,1,0.3,ppm,3,CCNY,24,100,42101,Carbon monoxide,35620,"New York-Newark-Jersey City, NY-NJ-PA",36,New York,61,New York,40.81976,-73.94825
09/20/2023,AQS,360610135,1,0.3,ppm,3,CCNY,24,100,42101,Carbon monoxide,35620,"New York-Newark-Jersey City, NY-NJ-PA",36,New York,61,New York,40.81976,-73.94825
09/21/2023,AQS,360610135,1,0.4,ppm,5,CCNY,18,75,42101,Carbon monoxide,35620,"New York-Newark-Jersey City, NY-NJ-PA",36,New York,61,New York,40.81976,-73.94825
09/22/2023,AQS,360610135,1,0.4,ppm,5,CCNY,24,100,42101,Carbon monoxide,35620,"New York-Newark-Jersey City, NY-NJ-PA",36,New York,61,New York,40.81976,-73.94825
09/23/2023,AQS,360610135,1,0.2,ppm,2,CCNY,24,100,42101,Carbon monoxide,35620,"New York-Newark-Jersey City, NY-NJ-PA",36,New York,61,New York,40.81976,-73.94825
09/24/2023,AQS,360610135,1,0.2,ppm,2,CCNY,24,100,42101,Carbon monoxide,35620,"New York-Newark-Jersey City, NY-NJ-PA",36,New York,61,New York,40.81976,-73.94825
09/25/2023,AQS,360610135,1,0.2,ppm,2,CCNY,24,100,42101,Carbon monoxide,35620,"New York-Newark-Jersey City, NY-NJ-PA",36,New York,61,New York,40.81976,-73.94825
09/26/2023,AQS,360610135,1,0.3,ppm,3,CCNY,24,100,42101,Carbon monoxide,35620,"New York-Newark-Jersey City, NY-NJ-PA",36,New York,61,New York,40.81976,-73.94825
09/27/2023,AQS,360610135,1,0.3,ppm,3,CCNY,24,100,42101,Carbon monoxide,35620,"New York-Newark-Jersey City, NY-NJ-PA",36,New York,61,New York,40.81976,-73.94825
09/28/2023,AQS,360610135,1,0.4,ppm,5,CCNY,24,100,42101,Carbon monoxide,35620,"New York-Newark-Jersey City, NY-NJ-PA",36,New York,61,New York,40.81976,-73.94825
09/29/2023,AQS,360610135,1,0.3,ppm,3,CCNY,18,75,42101,Carbon monoxide,35620,"New York-Newark-Jersey City, NY-NJ-PA",36,New York,61,New York,40.81976,-73.94825
09/30/2023,AQS,360610135,1,0.3,ppm,3,CCNY,24,100,42101,Carbon monoxide,35620,"New York-Newark-Jersey City, NY-NJ-PA",36,New York,61,New York,40.81976,-73.94825
10-01-2023,AQS,360610135,1,0.3,ppm,3,CCNY,24,100,42101,Carbon monoxide,35620,"New York-Newark-Jersey City, NY-NJ-PA",36,New York,61,New York,40.81976,-73.94825
10-02-2023,AQS,360610135,1,0.4,ppm,5,CCNY,24,100,42101,Carbon monoxide,35620,"New York-Newark-Jersey City, NY-NJ-PA",36,New York,61,New York,40.81976,-73.94825
10-03-2023,AQS,360610135,1,0.6,ppm,7,CCNY,24,100,42101,Carbon monoxide,35620,"New York-Newark-Jersey City, NY-NJ-PA",36,New York,61,New York,40.81976,-73.94825
10-04-2023,AQS,360610135,1,0.6,ppm,7,CCNY,20,83,42101,Carbon monoxide,35620,"New York-Newark-Jersey City, NY-NJ-PA",36,New York,61,New York,40.81976,-73.94825
10-05-2023,AQS,360610135,1,0.5,ppm,6,CCNY,21,88,42101,Carbon monoxide,35620,"New York-Newark-Jersey City, NY-NJ-PA",36,New York,61,New York,40.81976,-73.94825
10-06-2023,AQS,360610135,1,0.4,ppm,5,CCNY,24,100,42101,Carbon monoxide,35620,"New York-Newark-Jersey City, NY-NJ-PA",36,New York,61,New York,40.81976,-73.94825
10-07-2023,AQS,360610135,1,0.3,ppm,3,CCNY,24,100,42101,Carbon monoxide,35620,"New York-Newark-Jersey City, NY-NJ-PA",36,New York,61,New York,40.81976,-73.94825
10-08-2023,AQS,360610135,1,0.2,ppm,2,CCNY,24,100,42101,Carbon monoxide,35620,"New York-Newark-Jersey City, NY-NJ-PA",36,New York,61,New York,40.81976,-73.94825
10-09-2023,AQS,360610135,1,0.3,ppm,3,CCNY,24,100,42101,Carbon monoxide,35620,"New York-Newark-Jersey City, NY-NJ-PA",36,New York,61,New York,40.81976,-73.94825
10-10-2023,AQS,360610135,1,0.4,ppm,5,CCNY,24,100,42101,Carbon monoxide,35620,"New York-Newark-Jersey City, NY-NJ-PA",36,New York,61,New York,40.81976,-73.94825
10-11-2023,AQS,360610135,1,0.5,ppm,6,CCNY,24,100,42101,Carbon monoxide,35620,"New York-Newark-Jersey City, NY-NJ-PA",36,New York,61,New York,40.81976,-73.94825
10-12-2023,AQS,360610135,1,0.6,ppm,7,CCNY,20,83,42101,Carbon monoxide,35620,"New York-Newark-Jersey City, NY-NJ-PA",36,New York,61,New York,40.81976,-73.94825
10/13/2023,AQS,360610135,1,0.3,ppm,3,CCNY,21,88,42101,Carbon monoxide,35620,"New York-Newark-Jersey City, NY-NJ-PA",36,New York,61,New York,40.81976,-73.94825
10/14/2023,AQS,360610135,1,0.4,ppm,5,CCNY,24,100,42101,Carbon monoxide,35620,"New York-Newark-Jersey City, NY-NJ-PA",36,New York,61,New York,40.81976,-73.94825
10/15/2023,AQS,360610135,1,0.3,ppm,3,CCNY,24,100,42101,Carbon monoxide,35620,"New York-Newark-Jersey City, NY-NJ-PA",36,New York,61,New York,40.81976,-73.94825
10/16/2023,AQS,360610135,1,0.2,ppm,2,CCNY,21,88,42101,Carbon monoxide,35620,"New York-Newark-Jersey City, NY-NJ-PA",36,New York,61,New York,40.81976,-73.94825
10/17/2023,AQS,360610135,1,0.3,ppm,3,CCNY,21,88,42101,Carbon monoxide,35620,"New York-Newark-Jersey City, NY-NJ-PA",36,New York,61,New York,40.81976,-73.94825
10/18/2023,AQS,360610135,1,0.5,ppm,6,CCNY,24,100,42101,Carbon monoxide,35620,"New York-Newark-Jersey City, NY-NJ-PA",36,New York,61,New York,40.81976,-73.94825
10/19/2023,AQS,360610135,1,0.4,ppm,5,CCNY,24,100,42101,Carbon monoxide,35620,"New York-Newark-Jersey City, NY-NJ-PA",36,New York,61,New York,40.81976,-73.94825
10/20/2023,AQS,360610135,1,0.3,ppm,3,CCNY,24,100,42101,Carbon monoxide,35620,"New York-Newark-Jersey City, NY-NJ-PA",36,New York,61,New York,40.81976,-73.94825
10/21/2023,AQS,360610135,1,0.3,ppm,3,CCNY,24,100,42101,Carbon monoxide,35620,"New York-Newark-Jersey City, NY-NJ-PA",36,New York,61,New York,40.81976,-73.94825
10/22/2023,AQS,360610135,1,0.2,ppm,2,CCNY,24,100,42101,Carbon monoxide,35620,"New York-Newark-Jersey City, NY-NJ-PA",36,New York,61,New York,40.81976,-73.94825
10/23/2023,AQS,360610135,1,0.3,ppm,3,CCNY,24,100,42101,Carbon monoxide,35620,"New York-Newark-Jersey City, NY-NJ-PA",36,New York,61,New York,40.81976,-73.94825
10/24/2023,AQS,360610135,1,0.5,ppm,6,CCNY,24,100,42101,Carbon monoxide,35620,"New York-Newark-Jersey City, NY-NJ-PA",36,New York,61,New York,40.81976,-73.94825
10/25/2023,AQS,360610135,1,0.4,ppm,5,CCNY,24,100,42101,Carbon monoxide,35620,"New York-Newark-Jersey City, NY-NJ-PA",36,New York,61,New York,40.81976,-73.94825
10/26/2023,AQS,360610135,1,0.5,ppm,6,CCNY,24,100,42101,Carbon monoxide,35620,"New York-Newark-Jersey City, NY-NJ-PA",36,New York,61,New York,40.81976,-73.94825
10/27/2023,AQS,360610135,1,0.5,ppm,6,CCNY,24,100,42101,Carbon monoxide,35620,"New York-Newark-Jersey City, NY-NJ-PA",36,New York,61,New York,40.81976,-73.94825
10/28/2023,AQS,360610135,1,0.4,ppm,5,CCNY,24,100,42101,Carbon monoxide,35620,"New York-Newark-Jersey City, NY-NJ-PA",36,New York,61,New York,40.81976,-73.94825
10/29/2023,AQS,360610135,1,0.3,ppm,3,CCNY,24,100,42101,Carbon monoxide,35620,"New York-Newark-Jersey City, NY-NJ-PA",36,New York,61,New York,40.81976,-73.94825
10/30/2023,AQS,360610135,1,0.5,ppm,6,CCNY,24,100,42101,Carbon monoxide,35620,"New York-Newark-Jersey City, NY-NJ-PA",36,New York,61,New York,40.81976,-73.94825
10/31/2023,AQS,360610135,1,0.2,ppm,2,CCNY,24,100,42101,Carbon monoxide,35620,"New York-Newark-Jersey City, NY-NJ-PA",36,New York,61,New York,40.81976,-73.94825
11-01-2023,AQS,360610135,1,0.3,ppm,3,CCNY,24,100,42101,Carbon monoxide,35620,"New York-Newark-Jersey City, NY-NJ-PA",36,New York,61,New York,40.81976,-73.94825
11-02-2023,AQS,360610135,1,0.3,ppm,3,CCNY,24,100,42101,Carbon monoxide,35620,"New York-Newark-Jersey City, NY-NJ-PA",36,New York,61,New York,40.81976,-73.94825
11-03-2023,AQS,360610135,1,0.4,ppm,5,CCNY,24,100,42101,Carbon monoxide,35620,"New York-Newark-Jersey City, NY-NJ-PA",36,New York,61,New York,40.81976,-73.94825
11-04-2023,AQS,360610135,1,0.4,ppm,5,CCNY,24,100,42101,Carbon monoxide,35620,"New York-Newark-Jersey City, NY-NJ-PA",36,New York,61,New York,40.81976,-73.94825
11-05-2023,AQS,360610135,1,0.6,ppm,7,CCNY,24,100,42101,Carbon monoxide,35620,"New York-Newark-Jersey City, NY-NJ-PA",36,New York,61,New York,40.81976,-73.94825
11-06-2023,AQS,360610135,1,0.3,ppm,3,CCNY,24,100,42101,Carbon monoxide,35620,"New York-Newark-Jersey City, NY-NJ-PA",36,New York,61,New York,40.81976,-73.94825
11-07-2023,AQS,360610135,1,0.4,ppm,5,CCNY,24,100,42101,Carbon monoxide,35620,"New York-Newark-Jersey City, NY-NJ-PA",36,New York,61,New York,40.81976,-73.94825
11-08-2023,AQS,360610135,1,0.3,ppm,3,CCNY,24,100,42101,Carbon monoxide,35620,"New York-Newark-Jersey City, NY-NJ-PA",36,New York,61,New York,40.81976,-73.94825
11-09-2023,AQS,360610135,1,0.8,ppm,9,CCNY,24,100,42101,Carbon monoxide,35620,"New York-Newark-Jersey City, NY-NJ-PA",36,New York,61,New York,40.81976,-73.94825
11-10-2023,AQS,360610135,1,0.7,ppm,8,CCNY,24,100,42101,Carbon monoxide,35620,"New York-Newark-Jersey City, NY-NJ-PA",36,New York,61,New York,40.81976,-73.94825
11-11-2023,AQS,360610135,1,0.3,ppm,3,CCNY,24,100,42101,Carbon monoxide,35620,"New York-Newark-Jersey City, NY-NJ-PA",36,New York,61,New York,40.81976,-73.94825
11-12-2023,AQS,360610135,1,0.3,ppm,3,CCNY,24,100,42101,Carbon monoxide,35620,"New York-Newark-Jersey City, NY-NJ-PA",36,New York,61,New York,40.81976,-73.94825
11/13/2023,AQS,360610135,1,0.4,ppm,5,CCNY,24,100,42101,Carbon monoxide,35620,"New York-Newark-Jersey City, NY-NJ-PA",36,New York,61,New York,40.81976,-73.94825
11/14/2023,AQS,360610135,1,0.4,ppm,5,CCNY,24,100,42101,Carbon monoxide,35620,"New York-Newark-Jersey City, NY-NJ-PA",36,New York,61,New York,40.81976,-73.94825
11/15/2023,AQS,360610135,1,0.4,ppm,5,CCNY,24,100,42101,Carbon monoxide,35620,"New York-Newark-Jersey City, NY-NJ-PA",36,New York,61,New York,40.81976,-73.94825
11/16/2023,AQS,360610135,1,0.8,ppm,9,CCNY,24,100,42101,Carbon monoxide,35620,"New York-Newark-Jersey City, NY-NJ-PA",36,New York,61,New York,40.81976,-73.94825
11/17/2023,AQS,360610135,1,0.8,ppm,9,CCNY,24,100,42101,Carbon monoxide,35620,"New York-Newark-Jersey City, NY-NJ-PA",36,New York,61,New York,40.81976,-73.94825
11/18/2023,AQS,360610135,1,0.4,ppm,5,CCNY,24,100,42101,Carbon monoxide,35620,"New York-Newark-Jersey City, NY-NJ-PA",36,New York,61,New York,40.81976,-73.94825
11/19/2023,AQS,360610135,1,0.3,ppm,3,CCNY,24,100,42101,Carbon monoxide,35620,"New York-Newark-Jersey City, NY-NJ-PA",36,New York,61,New York,40.81976,-73.94825
11/20/2023,AQS,360610135,1,0.3,ppm,3,CCNY,24,100,42101,Carbon monoxide,35620,"New York-Newark-Jersey City, NY-NJ-PA",36,New York,61,New York,40.81976,-73.94825
11/21/2023,AQS,360610135,1,0.4,ppm,5,CCNY,24,100,42101,Carbon monoxide,35620,"New York-Newark-Jersey City, NY-NJ-PA",36,New York,61,New York,40.81976,-73.94825
11/22/2023,AQS,360610135,1,0.4,ppm,5,CCNY,24,100,42101,Carbon monoxide,35620,"New York-Newark-Jersey City, NY-NJ-PA",36,New York,61,New York,40.81976,-73.94825
11/23/2023,AQS,360610135,1,0.4,ppm,5,CCNY,24,100,42101,Carbon monoxide,35620,"New York-Newark-Jersey City, NY-NJ-PA",36,New York,61,New York,40.81976,-73.94825
11/24/2023,AQS,360610135,1,0.3,ppm,3,CCNY,24,100,42101,Carbon monoxide,35620,"New York-Newark-Jersey City, NY-NJ-PA",36,New York,61,New York,40.81976,-73.94825
11/25/2023,AQS,360610135,1,0.5,ppm,6,CCNY,24,100,42101,Carbon monoxide,35620,"New York-Newark-Jersey City, NY-NJ-PA",36,New York,61,New York,40.81976,-73.94825
11/26/2023,AQS,360610135,1,0.7,ppm,8,CCNY,24,100,42101,Carbon monoxide,35620,"New York-Newark-Jersey City, NY-NJ-PA",36,New York,61,New York,40.81976,-73.94825
11/27/2023,AQS,360610135,1,0.3,ppm,3,CCNY,24,100,42101,Carbon monoxide,35620,"New York-Newark-Jersey City, NY-NJ-PA",36,New York,61,New York,40.81976,-73.94825
11/28/2023,AQS,360610135,1,0.3,ppm,3,CCNY,24,100,42101,Carbon monoxide,35620,"New York-Newark-Jersey City, NY-NJ-PA",36,New York,61,New York,40.81976,-73.94825
11/29/2023,AQS,360610135,1,0.3,ppm,3,CCNY,24,100,42101,Carbon monoxide,35620,"New York-Newark-Jersey City, NY-NJ-PA",36,New York,61,New York,40.81976,-73.94825
11/30/2023,AQS,360610135,1,0.4,ppm,5,CCNY,24,100,42101,Carbon monoxide,35620,"New York-Newark-Jersey City, NY-NJ-PA",36,New York,61,New York,40.81976,-73.94825
12-01-2023,AQS,360610135,1,0.6,ppm,7,CCNY,18,75,42101,Carbon monoxide,35620,"New York-Newark-Jersey City, NY-NJ-PA",36,New York,61,New York,40.81976,-73.94825
12-02-2023,AQS,360610135,1,1,ppm,11,CCNY,24,100,42101,Carbon monoxide,35620,"New York-Newark-Jersey City, NY-NJ-PA",36,New York,61,New York,40.81976,-73.94825
12-03-2023,AQS,360610135,1,1,ppm,11,CCNY,24,100,42101,Carbon monoxide,35620,"New York-Newark-Jersey City, NY-NJ-PA",36,New York,61,New York,40.81976,-73.94825
12-04-2023,AQS,360610135,1,0.3,ppm,3,CCNY,24,100,42101,Carbon monoxide,35620,"New York-Newark-Jersey City, NY-NJ-PA",36,New York,61,New York,40.81976,-73.94825
12-05-2023,AQS,360610135,1,0.3,ppm,3,CCNY,18,75,42101,Carbon monoxide,35620,"New York-Newark-Jersey City, NY-NJ-PA",36,New York,61,New York,40.81976,-73.94825
12-06-2023,AQS,360610135,1,0.3,ppm,3,CCNY,24,100,42101,Carbon monoxide,35620,"New York-Newark-Jersey City, NY-NJ-PA",36,New York,61,New York,40.81976,-73.94825
12-07-2023,AQS,360610135,1,0.3,ppm,3,CCNY,24,100,42101,Carbon monoxide,35620,"New York-Newark-Jersey City, NY-NJ-PA",36,New York,61,New York,40.81976,-73.94825
12-08-2023,AQS,360610135,1,0.4,ppm,5,CCNY,24,100,42101,Carbon monoxide,35620,"New York-Newark-Jersey City, NY-NJ-PA",36,New York,61,New York,40.81976,-73.94825
12-09-2023,AQS,360610135,1,1,ppm,11,CCNY,24,100,42101,Carbon monoxide,35620,"New York-Newark-Jersey City, NY-NJ-PA",36,New York,61,New York,40.81976,-73.94825
12-10-2023,AQS,360610135,1,1,ppm,11,CCNY,24,100,42101,Carbon monoxide,35620,"New York-Newark-Jersey City, NY-NJ-PA",36,New York,61,New York,40.81976,-73.94825
12-11-2023,AQS,360610135,1,0.2,ppm,2,CCNY,24,100,42101,Carbon monoxide,35620,"New York-Newark-Jersey City, NY-NJ-PA",36,New York,61,New York,40.81976,-73.94825
12-12-2023,AQS,360610135,1,0.3,ppm,3,CCNY,24,100,42101,Carbon monoxide,35620,"New York-Newark-Jersey City, NY-NJ-PA",36,New York,61,New York,40.81976,-73.94825
12/13/2023,AQS,360610135,1,0.3,ppm,3,CCNY,24,100,42101,Carbon monoxide,35620,"New York-Newark-Jersey City, NY-NJ-PA",36,New York,61,New York,40.81976,-73.94825
12/14/2023,AQS,360610135,1,0.3,ppm,3,CCNY,24,100,42101,Carbon monoxide,35620,"New York-Newark-Jersey City, NY-NJ-PA",36,New York,61,New York,40.81976,-73.94825
12/15/2023,AQS,360610135,1,0.3,ppm,3,CCNY,24,100,42101,Carbon monoxide,35620,"New York-Newark-Jersey City, NY-NJ-PA",36,New York,61,New York,40.81976,-73.94825
12/16/2023,AQS,360610135,1,0.4,ppm,5,CCNY,24,100,42101,Carbon monoxide,35620,"New York-Newark-Jersey City, NY-NJ-PA",36,New York,61,New York,40.81976,-73.94825
12/17/2023,AQS,360610135,1,0.4,ppm,5,CCNY,24,100,42101,Carbon monoxide,35620,"New York-Newark-Jersey City, NY-NJ-PA",36,New York,61,New York,40.81976,-73.94825
12/18/2023,AQS,360610135,1,0.3,ppm,3,CCNY,24,100,42101,Carbon monoxide,35620,"New York-Newark-Jersey City, NY-NJ-PA",36,New York,61,New York,40.81976,-73.94825
12/19/2023,AQS,360610135,1,0.2,ppm,2,CCNY,24,100,42101,Carbon monoxide,35620,"New York-Newark-Jersey City, NY-NJ-PA",36,New York,61,New York,40.81976,-73.94825
12/20/2023,AQS,360610135,1,0.2,ppm,2,CCNY,24,100,42101,Carbon monoxide,35620,"New York-Newark-Jersey City, NY-NJ-PA",36,New York,61,New York,40.81976,-73.94825
12/21/2023,AQS,360610135,1,0.2,ppm,2,CCNY,24,100,42101,Carbon monoxide,35620,"New York-Newark-Jersey City, NY-NJ-PA",36,New York,61,New York,40.81976,-73.94825
12/22/2023,AQS,360610135,1,0.5,ppm,6,CCNY,24,100,42101,Carbon monoxide,35620,"New York-Newark-Jersey City, NY-NJ-PA",36,New York,61,New York,40.81976,-73.94825
12/23/2023,AQS,360610135,1,0.7,ppm,8,CCNY,24,100,42101,Carbon monoxide,35620,"New York-Newark-Jersey City, NY-NJ-PA",36,New York,61,New York,40.81976,-73.94825
12/24/2023,AQS,360610135,1,0.8,ppm,9,CCNY,24,100,42101,Carbon monoxide,35620,"New York-Newark-Jersey City, NY-NJ-PA",36,New York,61,New York,40.81976,-73.94825
12/25/2023,AQS,360610135,1,0.8,ppm,9,CCNY,24,100,42101,Carbon monoxide,35620,"New York-Newark-Jersey City, NY-NJ-PA",36,New York,61,New York,40.81976,-73.94825
12/26/2023,AQS,360610135,1,0.8,ppm,9,CCNY,24,100,42101,Carbon monoxide,35620,"New York-Newark-Jersey City, NY-NJ-PA",36,New York,61,New York,40.81976,-73.94825
12/27/2023,AQS,360610135,1,0.7,ppm,8,CCNY,24,100,42101,Carbon monoxide,35620,"New York-Newark-Jersey City, NY-NJ-PA",36,New York,61,New York,40.81976,-73.94825
12/28/2023,AQS,360610135,1,0.3,ppm,3,CCNY,24,100,42101,Carbon monoxide,35620,"New York-Newark-Jersey City, NY-NJ-PA",36,New York,61,New York,40.81976,-73.94825
12/29/2023,AQS,360610135,1,0.4,ppm,5,CCNY,18,75,42101,Carbon monoxide,35620,"New York-Newark-Jersey City, NY-NJ-PA",36,New York,61,New York,40.81976,-73.94825
12/30/2023,AQS,360610135,1,0.3,ppm,3,CCNY,24,100,42101,Carbon monoxide,35620,"New York-Newark-Jersey City, NY-NJ-PA",36,New York,61,New York,40.81976,-73.94825
12/31/2023,AQS,360610135,1,0.3,ppm,3,CCNY,24,100,42101,Carbon monoxide,35620,"New York-Newark-Jersey City, NY-NJ-PA",36,New York,61,New York,40.81976,-73.94825
